{
    "rmse": 0.5641623569001022,
    "mae": 0.6070963810407319,
    "r2": 0.1367141567182646
}